"Timestamp","Language / –Ø–∑—ã–∫ / ‘º’•’¶’∏÷Ç"," ’Ü’∑’•÷Ñ ’Å’•÷Ä ’Ω’•’º’®"," ’Ü’∑’•÷Ñ ’Å’•÷Ä ’ø’°÷Ä’´÷Ñ’°’µ’´’∂ ’≠’∏÷Ç’¥’¢’®","’Ü’∑’•÷Ñ ’Å’•÷Ä ’∞’•’ø’°÷Ñ÷Ä÷Ñ÷Ä’∏÷Ç’©’µ’°’∂ ’∏’¨’∏÷Ä’ø’®","’à÷Ä’ø’•’≤ ’•÷Ñ ’¥’•’Æ’°÷Å’•’¨","‘Ω’∏’∞’°’∂’∏÷Å’∏÷Ç’¥ ’∏÷Ç’∂’•’¥ 12 ’Ω’∂’∂’§’°’¥’©’•÷Ä÷Ñ, ’∏÷Ä’∏’∂÷Ñ ’Ø’°÷Ä’∏’≤ ’•’¥ ’°’∂’∞’°’ø’°’∫’•’Ω ’∏÷Ç’ø’•’¨, ’¢’°’µ÷Å ’Ø’°÷Ä’∏’≤ ’•’¥ ’∂’°÷á 2-3 ’™’°’¥ ’°’∂÷Å’Ø’°÷Å’∂’•’¨ ’§÷Ä’°’∂÷Å’´÷Å ’∞’°’¥’•’≤ ’∏÷Ç’ø’•’Ω’ø ’∫’°’ø÷Ä’°’Ω’ø’•’¨’∏÷Ç ’∞’°’¥’°÷Ä: ‘±’∂’∞’°’ø’°’∫’•’Ω ’Ø’Ω’∫’°’º’•’û’¥  ’¢’°’≤’°’§÷Ä’´’π’∂’•÷Ä’®, ’©’•’û ’Ø’∏÷Ä’∏’∑’•’¥ ’´’∂’± ’∑’°’ø ’∞’°’¥’•’≤ ’∏÷Ç’ø’•’Ω’ø’∏’æ ’∞’µ’∏÷Ç÷Ä’°’Ω’´÷Ä’•’¨:","’é’•÷Ä’ª’´’∂ 2 ’ø’°÷Ä’æ’° ’®’∂’©’°÷Å÷Ñ’∏÷Ç’¥ ÷Ñ’°’∂’´ ’ø’•’≤ ’•÷Ñ ’≥’°’∂’°’∫’°÷Ä’∞’∏÷Ä’§’•’¨÷â","‘µ’©’• ‚Äã‚Äã’£’∏÷Ç’¥’°÷Ä ’∏÷Ç’∂’•’∂’°’µ’´, ’æ’•÷Ä’ª’´’∂ ’•÷Ä’Ø’∏÷Ç ’ø’°÷Ä’æ’° ’®’∂’©’°÷Å÷Ñ’∏÷Ç’¥ ÷Ñ’°’∂’´’û ’ø’•’≤ ’Ø’≥’°’∂’°’∫’°÷Ä’∞’∏÷Ä’§’•’´:","‘µ’Ω ’æ’°÷Ä’∏÷Ç’¥ ’•’¥ ’°’Ø’ø’´’æ ’Ω’•’º’°’Ø’°’∂ ’Ø’µ’°’∂÷Ñ","‘ª’∂’π’∫’´’Ω’´’û’∂ ’ß ’±’•÷Ä ’ø’•’Ω’°’Ø’•’ø’® ’¥’´’∂’π’°’¥’∏÷Ç’Ω’∂’°’Ø’°’∂ ’Ω’•’º’°’Ø’°’∂ ’∞’°÷Ä’°’¢’•÷Ä’∏÷Ç’©’µ’∏÷Ç’∂’∂’•÷Ä’´ ’æ’•÷Ä’°’¢’•÷Ä’µ’°’¨:","‘µ’Ω ’∂’°’≠’®’∂’ø÷Ä’∏÷Ç’¥ ’•’¥ ’æ’°÷Ä’•’¨ ’°’Ø’ø’´’æ ’Ω’•’º’°’Ø’°’∂ ’Ø’µ’°’∂÷Ñ÷â","‘µ’©’• ‚Äã‚Äã’´’∂’± 3000 ’§’∏’¨’°÷Ä ’ø’°’µ’´’∂, ’´’∂’π ’Ø’°’∂’•’´ ’•’Ω... (’§’∏÷Ç÷Ñ ’∫’°÷Ä’ø÷Ñ’•÷Ä ’π’∏÷Ç’∂’•÷Ñ)","’Å’•’¶ ’°’º’°’ª’°÷Ä’Ø’•’¨ ’•’∂ ’•÷Ä’Ø’∏÷Ç ’°’∑’≠’°’ø’°’∂÷Ñ ’ù ’°’∑’≠’°’ø’°’∂÷Ñ ’Ä’°’µ’°’Ω’ø’°’∂’∏÷Ç’¥ ÷á ’°’∑’≠’°’ø’°’∂÷Ñ ’°’µ’¨’∏÷Ç÷Ä: ‘ø÷Å’°’∂’Ø’°’∂’°’µ’´’û÷Ñ ’∞’•’º’∏÷Ç ’¨’´’∂’•’¨ ’±’•÷Ä ’®’∂’ø’°’∂’´÷Ñ’´÷Å ÷á ’∞’°’µ÷Ä’•’∂’´÷Ñ’´÷Å, ’æ’°’µ’•’¨’•’¨ ’±’•÷Ä ’Ø’µ’°’∂÷Ñ’® ’°’µ’¨ ’•÷Ä’Ø÷Ä’∏÷Ç’¥, ’©’•’û ’Ø’°’∑’≠’°’ø’•’´÷Ñ ’Ä’°’µ’°’Ω’ø’°’∂’∏÷Ç’¥ ÷á ’¥’∏’ø ’Ø’¨’´’∂’•’´÷Ñ ’±’•÷Ä ’®’∂’ø’°’∂’´÷Ñ’´’∂ ’∏÷Ç ’®’∂’Ø’•÷Ä’∂’•÷Ä’´’∂: ( ’•÷Ä’Ø’∏÷Ç ’°’∑’≠’°’ø’°’ø’•’≤’•÷Ä’® ’Å’•’¶ ’∂’∏÷Ç’µ’∂ ’∞’∂’°÷Ä’°’æ’∏÷Ä’∏÷Ç’©’µ’∏÷Ç’∂’∂’•÷Ä’® ’Ø’ø’°’∂)","‘µ’©’• ‚Äã‚Äã’´’¥ ’¶’∏÷Ç’£’®’∂’Ø’•÷Ä’® ’§’•’¥ ’π’¨’´’∂’•÷Ä ’¥’´’∂’π’°’¥’∏÷Ç’Ω’∂’°’Ø’°’∂ ’Ω’•’º’°’Ø’°’∂ ’∞’°÷Ä’°’¢’•÷Ä’∏÷Ç’©’µ’∏÷Ç’∂’∂’•÷Ä’´’∂, ’•’Ω ’∂’∏÷Ç’µ’∂’∫’•’Ω ’Ø’∞’°’¥’°’±’°’µ’∂’æ’•’´:","‘µ’Ω ’•÷Ä’¢’•’¥’∂ ’∂’æ’•÷Ä’∂’•÷Ä ’•’¥ ’£’∂’∏÷Ç’¥ ’´’∂’± ’∞’°’¥’°÷Ä, ’π’•’¥ ’∞’°’∫’°’≤’∏÷Ç’¥ ’´’∂÷Ñ’Ω ’´’∂’± ’æ÷Ä’° ’£’∏÷Ç’¥’°÷Ä ’Æ’°’≠’Ω’•’¨:","‘µ’©’• ‚Äã‚Äã’´’¥ ’¶’∏÷Ç’£’®’∂’Ø’•÷Ä’® ’∞’°’¥’°’±’°’µ’∂ ’π’¨’´’∂’•÷Ä ’∂’°’≠’°’¥’∏÷Ç’Ω’∂’°’Ø’°’∂ ’Ω’•’º’°’Ø’°’∂ ’∞’°÷Ä’°’¢’•÷Ä’∏÷Ç’©’µ’∏÷Ç’∂’∂’•÷Ä’´ ’∞’•’ø, ’•’Ω ’Ø’Ω’∫’°’Ω’•’´ ’¥’´’∂’π ’°’¥’∏÷Ç’Ω’∂’∏÷Ç’©’µ’∏÷Ç’∂’®:","‘µ’Ω ’∂’°’≠’®’∂’ø÷Ä’∏÷Ç’¥ ’•’¥ ’∞’°’¥’•’≤ ’Ø’•÷Ä’°’Ø’∏÷Ç÷Ä’®, ÷Ñ’°’∂ ’°’º’∏’≤’ª ’Ω’∂’∏÷Ç’∂’§’® (’®’Ω’ø ’æ’•÷Ä’ª’´’∂ 3 ’Ø’•÷Ä’°’Ø’∏÷Ç÷Ä’∂’•÷Ä’´)","‘µ’Ω ’∞’°’Ø’æ’°’Æ ’•’¥ ’´’¥’∫’∏÷Ç’¨’Ω’´’æ ’∏÷Ä’∏’∑’∏÷Ç’¥’∂’•÷Ä ’Ø’°’µ’°÷Å’∂’•’¨ ’ù ’•’¨’∂’•’¨’∏’æ ’´’¥ ’∏÷Ç’∂’•÷Å’°’Æ ’∞’•’∂÷Å ’°’µ’§ ’∫’°’∞’´ ÷Å’°’∂’Ø’∏÷Ç’©’µ’∏÷Ç’∂’∂’•÷Ä’´÷Å÷â","‘µ’Ω ’Ø’∂’°’≠’®’∂’ø÷Ä’•’´÷â","‘µ’Ω ’∂’°’≠’®’∂’ø÷Ä’∏÷Ç’¥ ’•’¥ ’∏÷Ç’∂’•’∂’°’¨ ’°’µ’∂’∫’´’Ω’´ ’¶’∏÷Ç’£’®’∂’Ø’•÷Ä, ’∏’æ","–û—Ç–º–µ—Ç—å—Ç–µ –≤–∞—à –ø–æ–ª","–û—Ç–º–µ—Ç—å—Ç–µ –≤–∞—à—É –≤–æ–∑—Ä–∞—Å—Ç–Ω—É—é –≥—Ä—É–ø–ø—É","–ß—Ç–æ –ª—É—á—à–µ –≤—Å–µ–≥–æ –æ–ø–∏—Å—ã–≤–∞–µ—Ç –≤–∞—à—É —Å—Ñ–µ—Ä—É –∑–∞–Ω—è—Ç–æ—Å—Ç–∏ (—Ä–∞–±–æ—Ç–∞/—É—á—ë–±–∞)?","–ì–¥–µ –≤—ã –≤—ã—Ä–æ—Å–ª–∏?","–ù–∞ –∫—É—Ö–Ω–µ –µ—Å—Ç—å 12 –∏–Ω–≥—Ä–µ–¥–∏–µ–Ω—Ç–æ–≤, –∫–æ—Ç–æ—Ä—ã–µ –≤—ã –º–æ–∂–µ—Ç–µ —É–ø–æ—Ç—Ä–µ–±–∏—Ç—å —Ä–∞–∑–¥–µ–ª—å–Ω–æ, –Ω–æ —Ç–∞–∫–∂–µ, –ø–æ—Ç—Ä–∞—Ç–∏–≤ 2-3 —á–∞—Å–∞, –≤—ã –º–æ–∂–µ—Ç–µ –ø—Ä–∏–≥–æ—Ç–æ–≤–∏—Ç—å –≤–∫—É—Å–Ω–æ–µ –±–ª—é–¥–æ –∏–∑ —ç—Ç–∏—Ö –∏–Ω–≥—Ä–µ–¥–∏–µ–Ω—Ç–æ–≤. –°—ä–µ–¥–∏—Ç–µ –ª–∏ –≤—ã –∏–Ω–≥—Ä–µ–¥–∏–µ–Ω—Ç—ã —Ä–∞–∑–¥–µ–ª—å–Ω–æ –∏–ª–∏ –ø—Ä–∏–≥–æ—Ç–æ–≤–∏—Ç–µ –∏–∑—ã—Å–∫–∞–Ω–Ω–æ–µ –≤–∫—É—Å–Ω–æ–µ –±–ª—é–¥–æ?","–°–∫–æ–ª—å–∫–æ –º–µ—Å—Ç –≤—ã –ø–æ—Å–µ—Ç–∏–ª–∏ –∑–∞ –ø–æ—Å–ª–µ–¥–Ω–∏–µ 2 –≥–æ–¥–∞? (–ø—É—Ç–µ—à–µ—Å—Ç–≤–∏—è)","–ï—Å–ª–∏ –±—ã —É –≤–∞—Å –±—ã–ª–∏ —Å—Ä–µ–¥—Å—Ç–≤–∞, —Å–∫–æ–ª—å–∫–æ –º–µ—Å—Ç –≤—ã –±—ã –ø–æ—Å–µ—Ç–∏–ª–∏ –∑–∞ –ø–æ—Å–ª–µ–¥–Ω–∏–µ 2 –≥–æ–¥–∞? (–ø—É—Ç–µ—à–µ—Å—Ç–≤–∏—è)","–Ø –≤–µ–¥—É –∞–∫—Ç–∏–≤–Ω—É—é –ø–æ–ª–æ–≤—É—é –∂–∏–∑–Ω—å.","–ö–∞–∫–æ–≤—ã –≤–∞—à–∏ –≤–∑–≥–ª—è–¥—ã –Ω–∞ –¥–æ–±—Ä–∞—á–Ω—ã–µ –ø–æ–ª–æ–≤—ã–µ –æ—Ç–Ω–æ—à–µ–Ω–∏—è?","–Ø –ø—Ä–µ–¥–ø–æ—á–∏—Ç–∞—é –≤–µ—Å—Ç–∏ –∞–∫—Ç–∏–≤–Ω—É—é –ø–æ–ª–æ–≤—É—é –∂–∏–∑–Ω—å:","–ï—Å–ª–∏ –±—ã –º–Ω–µ –¥–∞–ª–∏ $ 3,000, —è –±—ã (—É –≤–∞—Å –Ω–µ—Ç –¥–æ–ª–≥–æ–≤):","–í–∞–º –ø—Ä–µ–¥–ª–æ–∂–∏–ª–∏ 2 —Ä–∞–±–æ—Ç—ã; –≤ –ê—Ä–º–µ–Ω–∏–∏ –∏ –≤ –¥—Ä—É–≥–æ–π —Å—Ç—Ä–∞–Ω–µ. –ë—ã–ª–∏ –±—ã –≤—ã –≤–¥–∞–ª–∏ –æ—Ç —Å–≤–æ–µ–π —Å–µ–º—å–∏ –∏ –†–æ–¥–∏–Ω—ã, –Ω–∞—Å–ª–∞–∂–¥–∞—è—Å—å –∂–∏–∑–Ω—å—é –≤ –¥—Ä—É–≥–æ–π —Å—Ç—Ä–∞–Ω–µ, –∏–ª–∏ —Å–æ–≥–ª–∞—Å–∏–ª–∏—Å—å –±—ã –Ω–∞ —Ä–∞–±–æ—Ç—É –≤ –ê—Ä–º–µ–Ω–∏–∏, –±—É–¥—É—á–∏ —Ä—è–¥–æ–º —Å–æ —Å–≤–æ–µ–π —Å–µ–º—å—ë–π –∏ –¥—Ä—É–∑—å—è–º–∏?","–ï—Å–ª–∏ –±—ã –º–æ–π –ø–∞—Ä—Ç–Ω—ë—Ä –ù–ï –±—ã–ª –ø—Ä–æ—Ç–∏–≤ –¥–æ–±—Ä–∞—á–Ω—ã—Ö –ø–æ–ª–æ–≤—ã—Ö –æ—Ç–Ω–æ—à–µ–Ω–∏–π, —è –±—ã —Ç–æ–∂–µ —Å–æ–≥–ª–∞—Å–∏–ª—Å—è(–∞—Å—å).","–ò–Ω–æ–≥–¥–∞ —è –ø–æ–∫—É–ø–∞—é –ø–æ–¥–∞—Ä–∫–∏ –¥–ª—è —Å–µ–±—è; –º–Ω–µ –Ω–µ –∂–∞–ª–∫–æ —Ç—Ä–∞—Ç–∏—Ç—å –¥–µ–Ω—å–≥–∏ –Ω–∞ —Å–µ–±—è.","–ï—Å–ª–∏ –±—ã –º–æ–π –ø–∞—Ä—Ç–Ω—ë—Ä –±—ã–ª –ø—Ä–æ—Ç–∏–≤ –¥–æ–±—Ä–∞—á–Ω—ã—Ö –ø–æ–ª–æ–≤—ã—Ö –æ—Ç–Ω–æ—à–µ–Ω–∏–π, —è –±—ã —Ç–æ–∂–µ –ø–æ–¥–æ–∂–¥–∞–ª –¥–æ —Å–≤–∞–¥—å–±—ã.","–Ø –ø—Ä–µ–¥–ø–æ—á–∏—Ç–∞—é –≤–∫—É—Å–Ω—É—é –µ–¥—É –≤–º–µ—Å—Ç–æ –∑–¥–æ—Ä–æ–≤–æ–π (–æ—Å–Ω–æ–≤—ã–≤–∞—è—Å—å –Ω–∞ –ø–æ—Å–ª–µ–¥–Ω–∏–µ 3 —Å—ä–µ–¥–µ–Ω–Ω—ã—Ö –º–Ω–æ—é –±–ª—é–¥–∞).","–Ø —Å–∫–ª–æ–Ω–µ–Ω (—Å–∫–ª–æ–Ω–Ω–∞) –ø—Ä–∏–Ω–∏–º–∞—Ç—å –∏–º–ø—É–ª—å—Å–∏–≤–Ω—ã–µ —Ä–µ—à–µ–Ω–∏—è, –æ—Å–Ω–æ–≤–∞–Ω–Ω—ã–µ –Ω–∞ –∂–µ–ª–∞–Ω–∏—è—Ö, –∫–æ—Ç–æ—Ä—ã–µ —è –∏–º–µ—é –≤ –¥–∞–Ω–Ω—ã–π –º–æ–º–µ–Ω—Ç.","–Ø –±—ã –ø—Ä–µ–¥–ø–æ—á—ë–ª(–∞) –ø–∞—Ä—Ç–Ω—ë—Ä–∞, –∫–æ—Ç–æ—Ä—ã–π:","–Ø –±—ã –ø—Ä–µ–¥–ø–æ—á—ë–ª(–∞) –ø–∞—Ä—Ç–Ω—ë—Ä–∞, –∫–æ—Ç–æ—Ä—ã–π:","What is your sex?   ","What is your age group?   ","What best describes your field of interest (where you work/study)?  ","Where did you grow up?   ","In the kitchen, I have 12 foods that I can consume individually, but I can also spend 2-3 hours making a tasty dish out of them. Will I consume the ingredients individually or will I decide to treat myself with a fancy tasty dish?","How many places have I traveled to during the last two years?  ","If I had the money, how many places would I travel to within the last two years?","I am sexually active.  ","What is your view on premarital sex?"," I would rather be sexually active:","If I were given $ 3,000, I would:(you have no debts due)","You were offered two jobs, a job in Armenia, and a job elsewhere. Would you rather be away from your family and your homeland, to enjoy your life in a country elsewhere, or would you take the job in Armenia and be close to your family and friends. (both jobs will let you afford the same things)"," If my partner was okay with premarital sex, I would go along as well."," I sometimes buy gifts for myself, I do not hesitate to spend money on myself.","If my partner was not okay with premarital sex, I would wait until marriage too.","I prefer delicious food over healthy food (according to the last 3 meals)","I tend to make impulsive decisions based on the wishes I have at the exact moment.","I would rather have a:","I would rather have a partner who:"
"2021/03/31 11:15:30 PM GMT+4","English","","","","","","","","","","","","","","","","","","","","","","","","","","","","","","","","","","","","","","","Male","17 - 23","Mix of natural and social sciences","Large city (500,000+)","Consume the ingredients individually.","0","3","False","It is okay","Both","Put it in a savings account","I would take the job elsewhere","True","Once in a while","True","True","No","Really intelligent partner","Values tradition greatly and conforms to the social scripts."
"2021/03/31 11:24:44 PM GMT+4","English","","","","","","","","","","","","","","","","","","","","","","","","","","","","","","","","","","","","","","","Female","17 - 23","Mix of arts and sciences","Large city (500,000+)","Consume the ingredients individually.","1","10","False","It is okay","Both","Go shopping, buy things for me and my close ones","I would take the job elsewhere","True","Once in a while","True","True","Yes","Really intelligent partner","Values pleasure greatly and is open to ideas outside of social scripts."
"2021/03/31 11:29:18 PM GMT+4","English","","","","","","","","","","","","","","","","","","","","","","","","","","","","","","","","","","","","","","","Female","17 - 23","Mix of arts and sciences","Small city","Tasty dish","2","10","False","It is not okay","After marriage","Go shopping, buy things for me and my close ones","I would take the job in Armenia","False","Very true","True","True","No","Really intelligent partner","Values pleasure greatly and is open to ideas outside of social scripts."
"2021/03/31 11:30:07 PM GMT+4","English","","","","","","","","","","","","","","","","","","","","","","","","","","","","","","","","","","","","","","","Female","17 - 23","Social sciences","Large city (500,000+)","Tasty dish","2","4","False","It is okay","Both","Go shopping, buy things for me and my close ones","I would take the job in Armenia","True","Once in a while","True","False","No","Really good looking partner","Values pleasure greatly and is open to ideas outside of social scripts."
"2021/03/31 11:31:00 PM GMT+4","English","","","","","","","","","","","","","","","","","","","","","","","","","","","","","","","","","","","","","","","Female","17 - 23","Mix of arts and sciences","Small city","Tasty dish","0","more than 5","False","It is not okay","After marriage","Go shopping, buy things for me and my close ones","I would take the job in Armenia","False","True","True","True","Yes","Really intelligent partner","Values tradition greatly and conforms to the social scripts."
"2021/03/31 11:31:49 PM GMT+4","English","","","","","","","","","","","","","","","","","","","","","","","","","","","","","","","","","","","","","","","Female","17 - 23","Mix of natural and social sciences","Large city (500,000+)","Tasty dish","2","As many as possible ","False","It is not okay","After marriage","Put it in a savings account","I would take the job elsewhere","False","Very true","True","True","Yes","Really intelligent partner","Values tradition greatly and conforms to the social scripts."
"2021/03/31 11:32:01 PM GMT+4","English","","","","","","","","","","","","","","","","","","","","","","","","","","","","","","","","","","","","","","","Female","17 - 23","Social sciences","Large city (500,000+)","Consume the ingredients individually.","0","3","False","It is okay","Both","Put it in a savings account","I would take the job elsewhere","True","Once in a while","True","True","No","Really intelligent partner","Values pleasure greatly and is open to ideas outside of social scripts."
"2021/03/31 11:32:46 PM GMT+4","English","","","","","","","","","","","","","","","","","","","","","","","","","","","","","","","","","","","","","","","Male","17 - 23","Mix of arts and sciences","Large city (500,000+)","Tasty dish","0","3","False","It is okay","Both","Put it in a savings account","I would take the job in Armenia","True","Once in a while","False","True","No","Really good looking partner","Values pleasure greatly and is open to ideas outside of social scripts."
"2021/03/31 11:36:46 PM GMT+4","English","","","","","","","","","","","","","","","","","","","","","","","","","","","","","","","","","","","","","","","Female","17 - 23","Mix of natural and social sciences","Large city (500,000+)","Consume the ingredients individually.","2 countries ","As much as possible ","False","It is okay","Both","Put it in a savings account","I would take the job elsewhere","True","Once in a while","True","True","No","Really intelligent partner","Values pleasure greatly and is open to ideas outside of social scripts."
"2021/03/31 11:37:35 PM GMT+4","’Ä’°’µ’•÷Ä’•’∂","‘ª’£’°’Ø’°’∂","17 - 23","‘µ’æ ’∞’°’Ω’°÷Ä’°’Ø’°’Ø’°’∂, ÷á ’¢’∂’°’Ø’°’∂ ’£’´’ø’∏÷Ç’©’µ’∏÷Ç’∂’∂’•÷Ä","’Ñ’•’Æ ÷Ñ’°’≤’°÷Ñ (500,000+)","’Ä’°’¥’•’≤ ’∏÷Ç’ø’•’Ω’ø","2","‘ª’∂’π÷Ñ’°’∂ ’∞’∂’°÷Ä’°’æ’∏÷Ä ’ß ’∑’°’ø, ’°’¥’•’∂’°÷Ñ’´’π’® 4-5","’ç’≠’°’¨ ’ß","‘¥’° ’∂’∏÷Ä’¥’°’¨ ’π’ß","‘±’¥’∏÷Ç’Ω’∂’∏÷Ç’©’µ’∏÷Ç’∂’´÷Å ’∞’•’ø’∏","‘µ’Ω ’Ø’≠’∂’°’µ’´","‘µ’Ω ’Ø’°’∑’≠’°’ø’•’´ ’Ä’°’µ’°’Ω’ø’°’∂’∏÷Ç’¥","’ç’≠’°’¨ ’ß","’á’°’ø ’≥’´’∑’ø ’ß","’É’´’∑’ø ’ß","’É’´’∑’ø ’ß","’à’π","’à÷Ç’∂’•’∂’°’¨ ’≠’•’¨’°÷Å’´ ’¶’∏÷Ç’£’®’∂’Ø’•÷Ä","‘≥’∂’°’∞’°’ø’∏÷Ç’¥ ’ß ’∞’°’≥’∏÷Ç’µ÷Ñ’® ÷á ’¢’°÷Å ’ß ’∂’∏÷Ä ’£’°’≤’°÷É’°÷Ä’∂’•÷Ä’´ ’∞’°’¥’°÷Ä, ’∏÷Ä’∏’∂÷Ñ ’§’∏÷Ç÷Ä’Ω ’•’∂ ’∞’°’∂÷Ä’°’µ’´’∂ ’∫’°’∞’°’∂’ª’∂’•÷Ä’´÷Å:","","","","","","","","","","","","","","","","","","","","","","","","","","","","","","","","","","","","","",""
"2021/03/31 11:38:00 PM GMT+4","’Ä’°’µ’•÷Ä’•’∂","‘±÷Ä’°’Ø’°’∂","17 - 23","‘µ’æ ’∞’°’Ω’°÷Ä’°’Ø’°’Ø’°’∂, ÷á ’¢’∂’°’Ø’°’∂ ’£’´’ø’∏÷Ç’©’µ’∏÷Ç’∂’∂’•÷Ä","’ì’∏÷Ñ÷Ä ÷Ñ’°’≤’°÷Ñ","’Ä’°’¥’•’≤ ’∏÷Ç’ø’•’Ω’ø","3","2","’É’´’∑’ø ’ß","‘¥’° ’∂’∏÷Ä’¥’°’¨ ’ß","‘µ÷Ä’Ø’∏÷Ç’Ω’∂ ’ß’¨","‘ø’£’∂’°’µ’´ ’£’∂’∏÷Ç’¥’∂’•÷Ä’´, ’Ø’£’∂’•’´ ’´÷Ä’•÷Ä ’´’¥ ’∏÷Ç ’¥’ø’•÷Ä’´’¥’∂’•÷Ä’´’Ω ’∞’°’¥’°÷Ä","‘µ’Ω ’Ø’°’∑’≠’°’ø’•’´ ’Ä’°’µ’°’Ω’ø’°’∂’∏÷Ç’¥","’É’´’∑’ø ’ß","’ç’≠’°’¨ ’ß","’É’´’∑’ø ’ß","’É’´’∑’ø ’ß","‘±’µ’∏","’à÷Ç’∂’•’∂’°’¨ ’£’•’≤’•÷Å’´’Ø ’¶’∏÷Ç’£’®’∂’Ø’•÷Ä","‘≥’∂’°’∞’°’ø’∏÷Ç’¥ ’ß ’°’æ’°’∂’§’∏÷Ç’µ’©’∂’•÷Ä’® ÷á ’∞’°’¥’°’∫’°’ø’°’Ω’≠’°’∂’∏÷Ç’¥ ’ß ’∞’°’∂÷Ä’°’µ’´’∂ ’∫’°’∞’°’∂’ª’∂’•÷Ä’´’∂:","","","","","","","","","","","","","","","","","","","","","","","","","","","","","","","","","","","","","",""
"2021/03/31 11:45:11 PM GMT+4","’Ä’°’µ’•÷Ä’•’∂","‘ª’£’°’Ø’°’∂","17 - 23","’Ä’°’Ω’°÷Ä’°’Ø’°’Ø’°’∂ ’£’´’ø’∏÷Ç’©’µ’∏÷Ç’∂’∂’•÷Ä","’Ñ’•’Æ ÷Ñ’°’≤’°÷Ñ (500,000+)","’Ä’°’¥’•’≤ ’∏÷Ç’ø’•’Ω’ø","0","10","’ç’≠’°’¨ ’ß","‘¥’° ’∂’∏÷Ä’¥’°’¨ ’ß","‘µ÷Ä’Ø’∏÷Ç’Ω’∂ ’ß’¨","‘µ’Ω ’Ø’≠’∂’°’µ’´","‘µ’Ω ’Ø’°’∑’≠’°’ø’•’´ ’Ä’°’µ’°’Ω’ø’°’∂’∏÷Ç’¥","’É’´’∑’ø ’ß","’É’´’∑’ø ’ß","’É’´’∑’ø ’ß","’É’´’∑’ø ’ß","‘±’µ’∏","’à÷Ç’∂’•’∂’°’¨ ’≠’•’¨’°÷Å’´ ’¶’∏÷Ç’£’®’∂’Ø’•÷Ä","‘≥’∂’°’∞’°’ø’∏÷Ç’¥ ’ß ’∞’°’≥’∏÷Ç’µ÷Ñ’® ÷á ’¢’°÷Å ’ß ’∂’∏÷Ä ’£’°’≤’°÷É’°÷Ä’∂’•÷Ä’´ ’∞’°’¥’°÷Ä, ’∏÷Ä’∏’∂÷Ñ ’§’∏÷Ç÷Ä’Ω ’•’∂ ’∞’°’∂÷Ä’°’µ’´’∂ ’∫’°’∞’°’∂’ª’∂’•÷Ä’´÷Å:","","","","","","","","","","","","","","","","","","","","","","","","","","","","","","","","","","","","","",""
"2021/03/31 11:51:44 PM GMT+4","English","","","","","","","","","","","","","","","","","","","","","","","","","","","","","","","","","","","","","","","Female","17 - 23","Natural sciences","Large city (500,000+)","Tasty dish","2 countries, 5 cities ","As much as possible ","True","It is okay","Both","Put it in a savings account","I would take the job elsewhere","True","Very true","True","True","Yes","Really good looking partner","Values pleasure greatly and is open to ideas outside of social scripts."
"2021/03/31 11:53:37 PM GMT+4","–†—É—Å—Å–∫–∏–π","","","","","","","","","","","","","","","","","","","","–ú—É–∂—Å–∫–æ–π","17 - 23","–°–æ—Ü–∏–∞–ª—å–Ω—ã–µ –Ω–∞—É–∫–∏","–ë–æ–ª—å—à–æ–π –≥–æ—Ä–æ–¥ (500,000+)","–ü—Ä–∏–≥–æ—Ç–æ–≤–ª—é –≤–∫—É—Å–Ω–æ–µ –±–ª—é–¥–æ","1 ","100","–õ–æ–∂—å","–≠—Ç–æ –Ω–æ—Ä–º–∞–ª—å–Ω–æ","–ù–∏ –æ–¥–∏–Ω –∏–∑ –≤–∞—Ä–∏–∞–Ω—Ç–æ–≤","–û—Ç–ø—Ä–∞–≤–∏–ª—Å—è(–∞—Å—å) –∑–∞ –ø–æ–∫—É–ø–∫–∞–º–∏, –∫—É–ø–∏–ª(–∞) –±—ã —á—Ç–æ-—Ç–æ —Å–µ–±–µ –∏ –±–ª–∏–∑–∫–∏–º","–Ø –±—ã —Å–æ–≥–ª–∞—Å–∏–ª—Å—è(–∞—Å—å) –Ω–∞ —Ä–∞–±–æ—Ç—É –≤ –ê—Ä–º–µ–Ω–∏–∏","–ü—Ä–∞–≤–¥–∞","–ò–Ω–æ–≥–¥–∞","–ü—Ä–∞–≤–¥–∞","–ü—Ä–∞–≤–¥–∞","–ü—Ä–∞–≤–¥–∞","–û—á–µ–Ω—å —É–º—ë–Ω","–¶–µ–Ω–∏—Ç —É–¥–æ–≤–æ–ª—å—Å—Ç–≤–∏–µ –∏ –æ—Ç–∫—Ä—ã—Ç –¥–ª—è –∏–¥–µ–π, –≤–Ω–µ –æ–±—â–µ—Å—Ç–≤–µ–Ω–Ω—ã—Ö —Ç—Ä–µ–±–æ–≤–∞–Ω–∏–π","","","","","","","","","","","","","","","","","","",""
"2021/03/31 11:54:26 PM GMT+4","’Ä’°’µ’•÷Ä’•’∂","‘ª’£’°’Ø’°’∂","17 - 23","‘µ’æ ’£’´’ø’∏÷Ç’©’µ’∏÷Ç’∂’∂’•÷Ä ÷á ’°÷Ä’æ’•’Ω’ø","’Ñ’•’Æ ÷Ñ’°’≤’°÷Ñ (500,000+)","’Ä’°’¥’•’≤ ’∏÷Ç’ø’•’Ω’ø","3","3","’ç’≠’°’¨ ’ß","‘¥’° ’∂’∏÷Ä’¥’°’¨ ’π’ß","‘±’¥’∏÷Ç’Ω’∂’∏÷Ç’©’µ’∏÷Ç’∂’´÷Å ’∞’•’ø’∏","‘ø’£’∂’°’µ’´ ’£’∂’∏÷Ç’¥’∂’•÷Ä’´, ’Ø’£’∂’•’´ ’´÷Ä’•÷Ä ’´’¥ ’∏÷Ç ’¥’ø’•÷Ä’´’¥’∂’•÷Ä’´’Ω ’∞’°’¥’°÷Ä","‘µ’Ω ’Ø’°’∑’≠’°’ø’•’´ ’Ä’°’µ’°’Ω’ø’°’∂’∏÷Ç’¥","’ç’≠’°’¨ ’ß","’á’°’ø ’≥’´’∑’ø ’ß","’É’´’∑’ø ’ß","’É’´’∑’ø ’ß","’à’π","’à÷Ç’∂’•’∂’°’¨ ’≠’•’¨’°÷Å’´ ’¶’∏÷Ç’£’®’∂’Ø’•÷Ä","‘≥’∂’°’∞’°’ø’∏÷Ç’¥ ’ß ’°’æ’°’∂’§’∏÷Ç’µ’©’∂’•÷Ä’® ÷á ’∞’°’¥’°’∫’°’ø’°’Ω’≠’°’∂’∏÷Ç’¥ ’ß ’∞’°’∂÷Ä’°’µ’´’∂ ’∫’°’∞’°’∂’ª’∂’•÷Ä’´’∂:","","","","","","","","","","","","","","","","","","","","","","","","","","","","","","","","","","","","","",""
"2021/03/31 11:55:25 PM GMT+4","English","","","","","","","","","","","","","","","","","","","","","","","","","","","","","","","","","","","","","","","Female","17 - 23","Social sciences","Large city (500,000+)","Consume the ingredients individually.","I haven‚Äôt traveled.","I would like to go to 3-4 countries.","False","It is not okay","After marriage","Go shopping, buy things for me and my close ones","I would take the job in Armenia","False","Once in a while","True","True","Yes","Really intelligent partner","Values tradition greatly and conforms to the social scripts."
"2021/03/31 11:55:42 PM GMT+4","’Ä’°’µ’•÷Ä’•’∂","‘ª’£’°’Ø’°’∂","17 - 23","‘µ’æ ’£’´’ø’∏÷Ç’©’µ’∏÷Ç’∂’∂’•÷Ä ÷á ’°÷Ä’æ’•’Ω’ø","’ì’∏÷Ñ÷Ä ÷Ñ’°’≤’°÷Ñ","’Ä’°’¥’•’≤ ’∏÷Ç’ø’•’Ω’ø","4","20","’ç’≠’°’¨ ’ß","‘¥’° ’∂’∏÷Ä’¥’°’¨ ’π’ß","’à’π ’¥’•’Ø’®","‘ø’£’∂’°’µ’´ ’£’∂’∏÷Ç’¥’∂’•÷Ä’´, ’Ø’£’∂’•’´ ’´÷Ä’•÷Ä ’´’¥ ’∏÷Ç ’¥’ø’•÷Ä’´’¥’∂’•÷Ä’´’Ω ’∞’°’¥’°÷Ä","‘µ’Ω ’Ø’°’∑’≠’°’ø’•’´ ’°’µ’¨ ’•÷Ä’Ø÷Ä’∏÷Ç’¥","’ç’≠’°’¨ ’ß","’É’´’∑’ø ’ß","’É’´’∑’ø ’ß","’É’´’∑’ø ’ß","’à’π","’à÷Ç’∂’•’∂’°’¨ ’≠’•’¨’°÷Å’´ ’¶’∏÷Ç’£’®’∂’Ø’•÷Ä","‘≥’∂’°’∞’°’ø’∏÷Ç’¥ ’ß ’∞’°’≥’∏÷Ç’µ÷Ñ’® ÷á ’¢’°÷Å ’ß ’∂’∏÷Ä ’£’°’≤’°÷É’°÷Ä’∂’•÷Ä’´ ’∞’°’¥’°÷Ä, ’∏÷Ä’∏’∂÷Ñ ’§’∏÷Ç÷Ä’Ω ’•’∂ ’∞’°’∂÷Ä’°’µ’´’∂ ’∫’°’∞’°’∂’ª’∂’•÷Ä’´÷Å:","","","","","","","","","","","","","","","","","","","","","","","","","","","","","","","","","","","","","",""
"2021/03/31 11:57:17 PM GMT+4","’Ä’°’µ’•÷Ä’•’∂","‘±÷Ä’°’Ø’°’∂","17 - 23","‘±÷Ä’æ’•’Ω’ø","’Ñ’•’Æ ÷Ñ’°’≤’°÷Ñ (500,000+)","’Ä’°’¥’•’≤ ’∏÷Ç’ø’•’Ω’ø","3","’á’°’ø ’ø’•’≤ ’π’ß’´ ’£’∂’°, ’¢’°’µ÷Å ’•÷Ä’Ø’°÷Ä ’Ø’¥’∂’°’´","’É’´’∑’ø ’ß","‘¥’° ’∂’∏÷Ä’¥’°’¨ ’ß","‘µ÷Ä’Ø’∏÷Ç’Ω’∂ ’ß’¨","‘ø’£’∂’°’µ’´ ’£’∂’∏÷Ç’¥’∂’•÷Ä’´, ’Ø’£’∂’•’´ ’´÷Ä’•÷Ä ’´’¥ ’∏÷Ç ’¥’ø’•÷Ä’´’¥’∂’•÷Ä’´’Ω ’∞’°’¥’°÷Ä","‘µ’Ω ’Ø’°’∑’≠’°’ø’•’´ ’°’µ’¨ ’•÷Ä’Ø÷Ä’∏÷Ç’¥","’É’´’∑’ø ’ß","’á’°’ø ’≥’´’∑’ø ’ß","’ç’≠’°’¨ ’ß","’É’´’∑’ø ’ß","’à’π","’à÷Ç’∂’•’∂’°’¨ ’£’•’≤’•÷Å’´’Ø ’¶’∏÷Ç’£’®’∂’Ø’•÷Ä","‘≥’∂’°’∞’°’ø’∏÷Ç’¥ ’ß ’∞’°’≥’∏÷Ç’µ÷Ñ’® ÷á ’¢’°÷Å ’ß ’∂’∏÷Ä ’£’°’≤’°÷É’°÷Ä’∂’•÷Ä’´ ’∞’°’¥’°÷Ä, ’∏÷Ä’∏’∂÷Ñ ’§’∏÷Ç÷Ä’Ω ’•’∂ ’∞’°’∂÷Ä’°’µ’´’∂ ’∫’°’∞’°’∂’ª’∂’•÷Ä’´÷Å:","","","","","","","","","","","","","","","","","","","","","","","","","","","","","","","","","","","","","",""
"2021/03/31 11:58:32 PM GMT+4","–†—É—Å—Å–∫–∏–π","","","","","","","","","","","","","","","","","","","","–ñ–µ–Ω—Å–∫–∏–π","17 - 23","–°–º–µ—Å—å –µ—Å—Ç–µ—Å—Ç–≤–µ–Ω–Ω—ã—Ö –∏ —Å–æ—Ü–∏–∞–ª—å–Ω—ã—Ö –Ω–∞—É–∫","–ú–∞–ª–µ–Ω—å–∫–∏–π –≥–æ—Ä–æ–¥","–°—ä–µ–º –∏–Ω–≥—Ä–µ–¥–∏–µ–Ω—Ç—ã —Ä–∞–∑–¥–µ–ª—å–Ω–æ","1","15","–õ–æ–∂—å","–≠—Ç–æ –Ω–æ—Ä–º–∞–ª—å–Ω–æ","–î–æ –±—Ä–∞–∫–∞","–û—Ç–ø—Ä–∞–≤–∏–ª—Å—è(–∞—Å—å) –∑–∞ –ø–æ–∫—É–ø–∫–∞–º–∏, –∫—É–ø–∏–ª(–∞) –±—ã —á—Ç–æ-—Ç–æ —Å–µ–±–µ –∏ –±–ª–∏–∑–∫–∏–º","–Ø –±—ã —Å–æ–≥–ª–∞—Å–∏–ª—Å—è(–∞—Å—å) –Ω–∞ —Ä–∞–±–æ—Ç—É –≤ –ê—Ä–º–µ–Ω–∏–∏","–ü—Ä–∞–≤–¥–∞","–ò–Ω–æ–≥–¥–∞","–ü—Ä–∞–≤–¥–∞","–ü—Ä–∞–≤–¥–∞","–ü—Ä–∞–≤–¥–∞","–û—á–µ–Ω—å —É–º—ë–Ω","–¶–µ–Ω–∏—Ç —É–¥–æ–≤–æ–ª—å—Å—Ç–≤–∏–µ –∏ –æ—Ç–∫—Ä—ã—Ç –¥–ª—è –∏–¥–µ–π, –≤–Ω–µ –æ–±—â–µ—Å—Ç–≤–µ–Ω–Ω—ã—Ö —Ç—Ä–µ–±–æ–≤–∞–Ω–∏–π","","","","","","","","","","","","","","","","","","",""
"2021/04/01 12:04:11 AM GMT+4","English","","","","","","","","","","","","","","","","","","","","","","","","","","","","","","","","","","","","","","","Female","17 - 23","Arts","Small city","Consume the ingredients individually.","One. ","As much as I can, many. ","True","It is okay","Before marriage","Go shopping, buy things for me and my close ones","I would take the job elsewhere","True","Very true","False","False","Yes","Really intelligent partner","Values pleasure greatly and is open to ideas outside of social scripts."
"2021/04/01 12:13:29 AM GMT+4","English","","","","","","","","","","","","","","","","","","","","","","","","","","","","","","","","","","","","","","","Female","17 - 23","Natural sciences","Small city","Tasty dish","1","50","False","It is okay","After marriage","Put it in a savings account","I would take the job elsewhere","False","Very true","True","True","Yes","Really intelligent partner","Values tradition greatly and conforms to the social scripts."
"2021/04/01 12:14:03 AM GMT+4","’Ä’°’µ’•÷Ä’•’∂","‘ª’£’°’Ø’°’∂","17 - 23","‘≤’∂’°’Ø’°’∂ ’£’´’ø’∏÷Ç’©’µ’∏÷Ç’∂’∂’•÷Ä","’Ñ’•’Æ ÷Ñ’°’≤’°÷Ñ (500,000+)","’ç’∂’∂’§’°’¥’©’•÷Ä÷Ñ’∂’•÷Ä’® ’Ø’Ω’∫’°’º’•’¥ ’°’∂’∞’°’ø’°’∫’•’Ω","4","4","’ç’≠’°’¨ ’ß","‘¥’° ’∂’∏÷Ä’¥’°’¨ ’π’ß","‘±’¥’∏÷Ç’Ω’∂’∏÷Ç’©’µ’∏÷Ç’∂’´÷Å ’∞’•’ø’∏","‘µ’Ω ’Ø’≠’∂’°’µ’´","‘µ’Ω ’Ø’°’∑’≠’°’ø’•’´ ’Ä’°’µ’°’Ω’ø’°’∂’∏÷Ç’¥","’ç’≠’°’¨ ’ß","’É’´’∑’ø ’ß","’É’´’∑’ø ’ß","’É’´’∑’ø ’ß","’à’π","’à÷Ç’∂’•’∂’°’¨ ’≠’•’¨’°÷Å’´ ’¶’∏÷Ç’£’®’∂’Ø’•÷Ä","‘≥’∂’°’∞’°’ø’∏÷Ç’¥ ’ß ’°’æ’°’∂’§’∏÷Ç’µ’©’∂’•÷Ä’® ÷á ’∞’°’¥’°’∫’°’ø’°’Ω’≠’°’∂’∏÷Ç’¥ ’ß ’∞’°’∂÷Ä’°’µ’´’∂ ’∫’°’∞’°’∂’ª’∂’•÷Ä’´’∂:","","","","","","","","","","","","","","","","","","","","","","","","","","","","","","","","","","","","","",""
"2021/04/01 12:17:08 AM GMT+4","’Ä’°’µ’•÷Ä’•’∂","‘ª’£’°’Ø’°’∂","17 - 23","‘µ’æ ’£’´’ø’∏÷Ç’©’µ’∏÷Ç’∂’∂’•÷Ä ÷á ’°÷Ä’æ’•’Ω’ø","’ì’∏÷Ñ÷Ä ÷Ñ’°’≤’°÷Ñ","’Ä’°’¥’•’≤ ’∏÷Ç’ø’•’Ω’ø","0","1000000","’ç’≠’°’¨ ’ß","‘¥’° ’∂’∏÷Ä’¥’°’¨ ’π’ß","‘±’¥’∏÷Ç’Ω’∂’∏÷Ç’©’µ’∏÷Ç’∂’´÷Å ’∞’•’ø’∏","‘µ’Ω ’Ø’≠’∂’°’µ’´","‘µ’Ω ’Ø’°’∑’≠’°’ø’•’´ ’Ä’°’µ’°’Ω’ø’°’∂’∏÷Ç’¥","’ç’≠’°’¨ ’ß","’Ñ’•’Ø-’¥’•’Ø","’É’´’∑’ø ’ß","’É’´’∑’ø ’ß","‘±’µ’∏","’à÷Ç’∂’•’∂’°’¨ ’≠’•’¨’°÷Å’´ ’¶’∏÷Ç’£’®’∂’Ø’•÷Ä","‘≥’∂’°’∞’°’ø’∏÷Ç’¥ ’ß ’∞’°’≥’∏÷Ç’µ÷Ñ’® ÷á ’¢’°÷Å ’ß ’∂’∏÷Ä ’£’°’≤’°÷É’°÷Ä’∂’•÷Ä’´ ’∞’°’¥’°÷Ä, ’∏÷Ä’∏’∂÷Ñ ’§’∏÷Ç÷Ä’Ω ’•’∂ ’∞’°’∂÷Ä’°’µ’´’∂ ’∫’°’∞’°’∂’ª’∂’•÷Ä’´÷Å:","","","","","","","","","","","","","","","","","","","","","","","","","","","","","","","","","","","","","",""
"2021/04/01 12:20:08 AM GMT+4","’Ä’°’µ’•÷Ä’•’∂","‘±÷Ä’°’Ø’°’∂","17 - 23","‘±÷Ä’æ’•’Ω’ø","’Ñ’•’Æ ÷Ñ’°’≤’°÷Ñ (500,000+)","’ç’∂’∂’§’°’¥’©’•÷Ä÷Ñ’∂’•÷Ä’® ’Ø’Ω’∫’°’º’•’¥ ’°’∂’∞’°’ø’°’∫’•’Ω","100","190","’É’´’∑’ø ’ß","‘¥’° ’∂’∏÷Ä’¥’°’¨ ’ß","‘µ÷Ä’Ø’∏÷Ç’Ω’∂ ’ß’¨","‘ø’£’∂’°’µ’´ ’£’∂’∏÷Ç’¥’∂’•÷Ä’´, ’Ø’£’∂’•’´ ’´÷Ä’•÷Ä ’´’¥ ’∏÷Ç ’¥’ø’•÷Ä’´’¥’∂’•÷Ä’´’Ω ’∞’°’¥’°÷Ä","‘µ’Ω ’Ø’°’∑’≠’°’ø’•’´ ’Ä’°’µ’°’Ω’ø’°’∂’∏÷Ç’¥","’É’´’∑’ø ’ß","’á’°’ø ’≥’´’∑’ø ’ß","’ç’≠’°’¨ ’ß","’É’´’∑’ø ’ß","‘±’µ’∏","’à÷Ç’∂’•’∂’°’¨ ’£’•’≤’•÷Å’´’Ø ’¶’∏÷Ç’£’®’∂’Ø’•÷Ä","‘≥’∂’°’∞’°’ø’∏÷Ç’¥ ’ß ’∞’°’≥’∏÷Ç’µ÷Ñ’® ÷á ’¢’°÷Å ’ß ’∂’∏÷Ä ’£’°’≤’°÷É’°÷Ä’∂’•÷Ä’´ ’∞’°’¥’°÷Ä, ’∏÷Ä’∏’∂÷Ñ ’§’∏÷Ç÷Ä’Ω ’•’∂ ’∞’°’∂÷Ä’°’µ’´’∂ ’∫’°’∞’°’∂’ª’∂’•÷Ä’´÷Å:","","","","","","","","","","","","","","","","","","","","","","","","","","","","","","","","","","","","","",""
"2021/04/01 12:21:25 AM GMT+4","–†—É—Å—Å–∫–∏–π","","","","","","","","","","","","","","","","","","","","–ú—É–∂—Å–∫–æ–π","17 - 23","–ï—Å—Ç–µ—Å—Ç–≤–µ–Ω–Ω—ã–µ –Ω–∞—É–∫–∏","–ë–æ–ª—å—à–æ–π –≥–æ—Ä–æ–¥ (500,000+)","–ü—Ä–∏–≥–æ—Ç–æ–≤–ª—é –≤–∫—É—Å–Ω–æ–µ –±–ª—é–¥–æ","2-3 —Å—Ç—Ä–∞–Ω—ã –∏ –º–Ω–æ–≥–æ –ø—É—Ç–µ—à–µ—Å—Ç–≤–∏–π –≤–Ω—É—Ç—Ä–∏ —Ä–æ–¥–∏–Ω—ã ","4-5 —Å—Ç—Ä–∞–Ω","–õ–æ–∂—å","–≠—Ç–æ –Ω–æ—Ä–º–∞–ª—å–Ω–æ","–ü–æ—Å–ª–µ –±—Ä–∞–∫–∞","–û—Ç–ø—Ä–∞–≤–∏–ª—Å—è(–∞—Å—å) –∑–∞ –ø–æ–∫—É–ø–∫–∞–º–∏, –∫—É–ø–∏–ª(–∞) –±—ã —á—Ç–æ-—Ç–æ —Å–µ–±–µ –∏ –±–ª–∏–∑–∫–∏–º","–Ø –±—ã —Å–æ–≥–ª–∞—Å–∏–ª—Å—è(–∞—Å—å) –Ω–∞ —Ä–∞–±–æ—Ç—É –≤ –ê—Ä–º–µ–Ω–∏–∏","–ü—Ä–∞–≤–¥–∞","–í–µ—Ä–Ω–æ","–ü—Ä–∞–≤–¥–∞","–ü—Ä–∞–≤–¥–∞","–õ–æ–∂—å","–û—á–µ–Ω—å —É–º—ë–Ω","–¶–µ–Ω–∏—Ç —Ç—Ä–∞–¥–∏—Ü–∏–∏ –∏ —Å–æ–æ—Ç–≤–µ—Ç—Å—Ç–≤—É–µ—Ç –æ–±—â–µ—Å—Ç–≤–µ–Ω–Ω—ã–º —Ç—Ä–µ–±–æ–≤–∞–Ω–∏—è–º","","","","","","","","","","","","","","","","","","",""
"2021/04/01 12:25:24 AM GMT+4","English","","","","","","","","","","","","","","","","","","","","","","","","","","","","","","","","","","","","","","","Female","17 - 23","Mix of natural and social sciences","Small city","Tasty dish","No where","30+ ","False","It is not okay","After marriage","Put it in a savings account","I would take the job elsewhere","False","False","True","False","No","Really intelligent partner","Values pleasure greatly and is open to ideas outside of social scripts."
"2021/04/01 12:29:32 AM GMT+4","’Ä’°’µ’•÷Ä’•’∂","‘ª’£’°’Ø’°’∂","17 - 23","’Ä’°’Ω’°÷Ä’°’Ø’°’Ø’°’∂ ’£’´’ø’∏÷Ç’©’µ’∏÷Ç’∂’∂’•÷Ä","’Ñ’•’Æ ÷Ñ’°’≤’°÷Ñ (500,000+)","’Ä’°’¥’•’≤ ’∏÷Ç’ø’•’Ω’ø","1","3","’ç’≠’°’¨ ’ß","‘¥’° ’∂’∏÷Ä’¥’°’¨ ’π’ß","‘±’¥’∏÷Ç’Ω’∂’∏÷Ç’©’µ’∏÷Ç’∂’´÷Å ’∞’•’ø’∏","‘µ’Ω ’Ø’≠’∂’°’µ’´","‘µ’Ω ’Ø’°’∑’≠’°’ø’•’´ ’°’µ’¨ ’•÷Ä’Ø÷Ä’∏÷Ç’¥","’ç’≠’°’¨ ’ß","’Ñ’•’Ø-’¥’•’Ø","’É’´’∑’ø ’ß","’É’´’∑’ø ’ß","‘±’µ’∏","’à÷Ç’∂’•’∂’°’¨ ’£’•’≤’•÷Å’´’Ø ’¶’∏÷Ç’£’®’∂’Ø’•÷Ä","‘≥’∂’°’∞’°’ø’∏÷Ç’¥ ’ß ’°’æ’°’∂’§’∏÷Ç’µ’©’∂’•÷Ä’® ÷á ’∞’°’¥’°’∫’°’ø’°’Ω’≠’°’∂’∏÷Ç’¥ ’ß ’∞’°’∂÷Ä’°’µ’´’∂ ’∫’°’∞’°’∂’ª’∂’•÷Ä’´’∂:","","","","","","","","","","","","","","","","","","","","","","","","","","","","","","","","","","","","","",""
"2021/04/01 12:30:28 AM GMT+4","’Ä’°’µ’•÷Ä’•’∂","‘±÷Ä’°’Ø’°’∂","17 - 23","’Ä’°’Ω’°÷Ä’°’Ø’°’Ø’°’∂ ’£’´’ø’∏÷Ç’©’µ’∏÷Ç’∂’∂’•÷Ä","’Ñ’•’Æ ÷Ñ’°’≤’°÷Ñ (500,000+)","’ç’∂’∂’§’°’¥’©’•÷Ä÷Ñ’∂’•÷Ä’® ’Ø’Ω’∫’°’º’•’¥ ’°’∂’∞’°’ø’°’∫’•’Ω","2","99999999","’ç’≠’°’¨ ’ß","‘¥’° ’∂’∏÷Ä’¥’°’¨ ’π’ß","‘±’¥’∏÷Ç’Ω’∂’∏÷Ç’©’µ’∏÷Ç’∂’´÷Å ’∞’•’ø’∏","‘ø’£’∂’°’µ’´ ’£’∂’∏÷Ç’¥’∂’•÷Ä’´, ’Ø’£’∂’•’´ ’´÷Ä’•÷Ä ’´’¥ ’∏÷Ç ’¥’ø’•÷Ä’´’¥’∂’•÷Ä’´’Ω ’∞’°’¥’°÷Ä","‘µ’Ω ’Ø’°’∑’≠’°’ø’•’´ ’Ä’°’µ’°’Ω’ø’°’∂’∏÷Ç’¥","’ç’≠’°’¨ ’ß","’Ñ’•’Ø-’¥’•’Ø","’ç’≠’°’¨ ’ß","’É’´’∑’ø ’ß","‘±’µ’∏","’à÷Ç’∂’•’∂’°’¨ ’£’•’≤’•÷Å’´’Ø ’¶’∏÷Ç’£’®’∂’Ø’•÷Ä","‘≥’∂’°’∞’°’ø’∏÷Ç’¥ ’ß ’°’æ’°’∂’§’∏÷Ç’µ’©’∂’•÷Ä’® ÷á ’∞’°’¥’°’∫’°’ø’°’Ω’≠’°’∂’∏÷Ç’¥ ’ß ’∞’°’∂÷Ä’°’µ’´’∂ ’∫’°’∞’°’∂’ª’∂’•÷Ä’´’∂:","","","","","","","","","","","","","","","","","","","","","","","","","","","","","","","","","","","","","",""
"2021/04/01 12:33:35 AM GMT+4","English","","","","","","","","","","","","","","","","","","","","","","","","","","","","","","","","","","","","","","","Female","17 - 23","Mix of arts and sciences","Rural area","Consume the ingredients individually.","3-4","~10","False","It is okay","Both","Go shopping, buy things for me and my close ones","I would take the job in Armenia","True","Very true","False","False","Yes","Really intelligent partner","Values pleasure greatly and is open to ideas outside of social scripts."
"2021/04/01 12:35:55 AM GMT+4","’Ä’°’µ’•÷Ä’•’∂","‘ª’£’°’Ø’°’∂","17 - 23","‘µ’æ ’∞’°’Ω’°÷Ä’°’Ø’°’Ø’°’∂, ÷á ’¢’∂’°’Ø’°’∂ ’£’´’ø’∏÷Ç’©’µ’∏÷Ç’∂’∂’•÷Ä","’Ñ’•’Æ ÷Ñ’°’≤’°÷Ñ (500,000+)","’ç’∂’∂’§’°’¥’©’•÷Ä÷Ñ’∂’•÷Ä’® ’Ø’Ω’∫’°’º’•’¥ ’°’∂’∞’°’ø’°’∫’•’Ω","1","7","’ç’≠’°’¨ ’ß","‘¥’° ’∂’∏÷Ä’¥’°’¨ ’π’ß","‘±’¥’∏÷Ç’Ω’∂’∏÷Ç’©’µ’∏÷Ç’∂’´÷Å ’∞’•’ø’∏","‘µ’Ω ’Ø’≠’∂’°’µ’´","‘µ’Ω ’Ø’°’∑’≠’°’ø’•’´ ’Ä’°’µ’°’Ω’ø’°’∂’∏÷Ç’¥","’ç’≠’°’¨ ’ß","’É’´’∑’ø ’ß","’É’´’∑’ø ’ß","’É’´’∑’ø ’ß","’à’π","’à÷Ç’∂’•’∂’°’¨ ’≠’•’¨’°÷Å’´ ’¶’∏÷Ç’£’®’∂’Ø’•÷Ä","‘≥’∂’°’∞’°’ø’∏÷Ç’¥ ’ß ’∞’°’≥’∏÷Ç’µ÷Ñ’® ÷á ’¢’°÷Å ’ß ’∂’∏÷Ä ’£’°’≤’°÷É’°÷Ä’∂’•÷Ä’´ ’∞’°’¥’°÷Ä, ’∏÷Ä’∏’∂÷Ñ ’§’∏÷Ç÷Ä’Ω ’•’∂ ’∞’°’∂÷Ä’°’µ’´’∂ ’∫’°’∞’°’∂’ª’∂’•÷Ä’´÷Å:","","","","","","","","","","","","","","","","","","","","","","","","","","","","","","","","","","","","","",""
"2021/04/01 12:57:24 AM GMT+4","English","","","","","","","","","","","","","","","","","","","","","","","","","","","","","","","","","","","","","","","Female","17 - 23","Social sciences","Large city (500,000+)","Tasty dish","5/10","and if there was not Covid üòÇ a looooot","False","It is okay","After marriage","Go shopping, buy things for me and my close ones","I would take the job in Armenia","True","Once in a while","True","False","No","Really intelligent partner","Values pleasure greatly and is open to ideas outside of social scripts."
"2021/04/01 1:04:21 AM GMT+4","–†—É—Å—Å–∫–∏–π","","","","","","","","","","","","","","","","","","","","–ú—É–∂—Å–∫–æ–π","17 - 23","–ò—Å–∫—É—Å—Å—Ç–≤–æ","–ë–æ–ª—å—à–æ–π –≥–æ—Ä–æ–¥ (500,000+)","–ü—Ä–∏–≥–æ—Ç–æ–≤–ª—é –≤–∫—É—Å–Ω–æ–µ –±–ª—é–¥–æ","6","6","–õ–æ–∂—å","–≠—Ç–æ –Ω–æ—Ä–º–∞–ª—å–Ω–æ","–î–æ –±—Ä–∞–∫–∞","–û—Ç–ª–æ–∂–∏–ª(–∞) –∏—Ö –Ω–∞ —Å–±–µ—Ä–µ–≥–∞—Ç–µ–ª—å–Ω—ã–π —Å—á—ë—Ç","–Ø –±—ã —Å–æ–≥–ª–∞—Å–∏–ª—Å—è(–∞—Å—å) –Ω–∞ —Ä–∞–±–æ—Ç—É –≤ –¥—Ä—É–≥–æ–π —Å—Ç—Ä–∞–Ω–µ","–ü—Ä–∞–≤–¥–∞","–û—á–µ–Ω—å –≤–µ—Ä–Ω–æ","–õ–æ–∂—å","–õ–æ–∂—å","–õ–æ–∂—å","–û—á–µ–Ω—å —É–º—ë–Ω","–¶–µ–Ω–∏—Ç —É–¥–æ–≤–æ–ª—å—Å—Ç–≤–∏–µ –∏ –æ—Ç–∫—Ä—ã—Ç –¥–ª—è –∏–¥–µ–π, –≤–Ω–µ –æ–±—â–µ—Å—Ç–≤–µ–Ω–Ω—ã—Ö —Ç—Ä–µ–±–æ–≤–∞–Ω–∏–π","","","","","","","","","","","","","","","","","","",""
"2021/04/01 1:33:04 AM GMT+4","’Ä’°’µ’•÷Ä’•’∂","‘ª’£’°’Ø’°’∂","17 - 23","‘±÷Ä’æ’•’Ω’ø","’ì’∏÷Ñ÷Ä ÷Ñ’°’≤’°÷Ñ","’Ä’°’¥’•’≤ ’∏÷Ç’ø’•’Ω’ø","’∏’π ’¥’´ ’ø’•’≤","2’ù ’ñ÷Ä’°’∂’Ω’´’°, ‘ª’ø’°’¨’´’° ","’ç’≠’°’¨ ’ß","‘¥’° ’∂’∏÷Ä’¥’°’¨ ’π’ß","‘±’¥’∏÷Ç’Ω’∂’∏÷Ç’©’µ’∏÷Ç’∂’´÷Å ’∞’•’ø’∏","‘µ’Ω ’Ø’≠’∂’°’µ’´","‘µ’Ω ’Ø’°’∑’≠’°’ø’•’´ ’Ä’°’µ’°’Ω’ø’°’∂’∏÷Ç’¥","’ç’≠’°’¨ ’ß","’Ñ’•’Ø-’¥’•’Ø","’É’´’∑’ø ’ß","’É’´’∑’ø ’ß","‘±’µ’∏","’à÷Ç’∂’•’∂’°’¨ ’≠’•’¨’°÷Å’´ ’¶’∏÷Ç’£’®’∂’Ø’•÷Ä","‘≥’∂’°’∞’°’ø’∏÷Ç’¥ ’ß ’∞’°’≥’∏÷Ç’µ÷Ñ’® ÷á ’¢’°÷Å ’ß ’∂’∏÷Ä ’£’°’≤’°÷É’°÷Ä’∂’•÷Ä’´ ’∞’°’¥’°÷Ä, ’∏÷Ä’∏’∂÷Ñ ’§’∏÷Ç÷Ä’Ω ’•’∂ ’∞’°’∂÷Ä’°’µ’´’∂ ’∫’°’∞’°’∂’ª’∂’•÷Ä’´÷Å:","","","","","","","","","","","","","","","","","","","","","","","","","","","","","","","","","","","","","",""
"2021/04/01 1:38:54 AM GMT+4","’Ä’°’µ’•÷Ä’•’∂","‘±÷Ä’°’Ø’°’∂","17 - 23","’Ä’°’Ω’°÷Ä’°’Ø’°’Ø’°’∂ ’£’´’ø’∏÷Ç’©’µ’∏÷Ç’∂’∂’•÷Ä","’Ñ’•’Æ ÷Ñ’°’≤’°÷Ñ (500,000+)","’ç’∂’∂’§’°’¥’©’•÷Ä÷Ñ’∂’•÷Ä’® ’Ø’Ω’∫’°’º’•’¥ ’°’∂’∞’°’ø’°’∫’•’Ω","3","3","’É’´’∑’ø ’ß","‘¥’° ’∂’∏÷Ä’¥’°’¨ ’ß","‘µ÷Ä’Ø’∏÷Ç’Ω’∂ ’ß’¨","‘µ’Ω ’Ø’≠’∂’°’µ’´","‘µ’Ω ’Ø’°’∑’≠’°’ø’•’´ ’°’µ’¨ ’•÷Ä’Ø÷Ä’∏÷Ç’¥","’É’´’∑’ø ’ß","’Ñ’•’Ø-’¥’•’Ø","’ç’≠’°’¨ ’ß","’É’´’∑’ø ’ß","‘±’µ’∏","’à÷Ç’∂’•’∂’°’¨ ’£’•’≤’•÷Å’´’Ø ’¶’∏÷Ç’£’®’∂’Ø’•÷Ä","‘≥’∂’°’∞’°’ø’∏÷Ç’¥ ’ß ’∞’°’≥’∏÷Ç’µ÷Ñ’® ÷á ’¢’°÷Å ’ß ’∂’∏÷Ä ’£’°’≤’°÷É’°÷Ä’∂’•÷Ä’´ ’∞’°’¥’°÷Ä, ’∏÷Ä’∏’∂÷Ñ ’§’∏÷Ç÷Ä’Ω ’•’∂ ’∞’°’∂÷Ä’°’µ’´’∂ ’∫’°’∞’°’∂’ª’∂’•÷Ä’´÷Å:","","","","","","","","","","","","","","","","","","","","","","","","","","","","","","","","","","","","","",""
"2021/04/01 1:57:40 AM GMT+4","English","","","","","","","","","","","","","","","","","","","","","","","","","","","","","","","","","","","","","","","Male","17 - 23","Mix of arts and sciences","Large city (500,000+)","Tasty dish","1","4","False","It is okay","Both","Put it in a savings account","I would take the job in Armenia","False","Once in a while","False","True","Yes","Really good looking partner","Values pleasure greatly and is open to ideas outside of social scripts."
"2021/04/01 2:02:44 AM GMT+4","–†—É—Å—Å–∫–∏–π","","","","","","","","","","","","","","","","","","","","–ú—É–∂—Å–∫–æ–π","17 - 23","–°–º–µ—Å—å –µ—Å—Ç–µ—Å—Ç–≤–µ–Ω–Ω—ã—Ö –∏ —Å–æ—Ü–∏–∞–ª—å–Ω—ã—Ö –Ω–∞—É–∫","–ú–∞–ª–µ–Ω—å–∫–∏–π –≥–æ—Ä–æ–¥","–ü—Ä–∏–≥–æ—Ç–æ–≤–ª—é –≤–∫—É—Å–Ω–æ–µ –±–ª—é–¥–æ","0","0","–õ–æ–∂—å","–≠—Ç–æ –Ω–æ—Ä–º–∞–ª—å–Ω–æ","–ü–æ—Å–ª–µ –±—Ä–∞–∫–∞","–û—Ç–ª–æ–∂–∏–ª(–∞) –∏—Ö –Ω–∞ —Å–±–µ—Ä–µ–≥–∞—Ç–µ–ª—å–Ω—ã–π —Å—á—ë—Ç","–Ø –±—ã —Å–æ–≥–ª–∞—Å–∏–ª—Å—è(–∞—Å—å) –Ω–∞ —Ä–∞–±–æ—Ç—É –≤ –¥—Ä—É–≥–æ–π —Å—Ç—Ä–∞–Ω–µ","–ü—Ä–∞–≤–¥–∞","–í–µ—Ä–Ω–æ","–õ–æ–∂—å","–ü—Ä–∞–≤–¥–∞","–ü—Ä–∞–≤–¥–∞","–û—á–µ–Ω—å —É–º—ë–Ω","–¶–µ–Ω–∏—Ç —É–¥–æ–≤–æ–ª—å—Å—Ç–≤–∏–µ –∏ –æ—Ç–∫—Ä—ã—Ç –¥–ª—è –∏–¥–µ–π, –≤–Ω–µ –æ–±—â–µ—Å—Ç–≤–µ–Ω–Ω—ã—Ö —Ç—Ä–µ–±–æ–≤–∞–Ω–∏–π","","","","","","","","","","","","","","","","","","",""
"2021/04/01 5:45:12 AM GMT+4","English","","","","","","","","","","","","","","","","","","","","","","","","","","","","","","","","","","","","","","","Female","17 - 23","Social sciences","Small city","Tasty dish","1","I couldn‚Äôt travel( coronaaaüò∑)","False","It is not okay","After marriage","Put it in a savings account","I would take the job in Armenia","False","Very true","True","True","No","Really intelligent partner","Values pleasure greatly and is open to ideas outside of social scripts."
"2021/04/01 7:12:20 AM GMT+4","English","","","","","","","","","","","","","","","","","","","","","","","","","","","","","","","","","","","","","","","Female","17 - 23","Arts","Small city","Tasty dish","0","I would never come back tbh","True","It is okay","Both","Put it in a savings account","I would take the job elsewhere","True","Very true","False","True","Yes","Really good looking partner","Values pleasure greatly and is open to ideas outside of social scripts."
"2021/04/01 10:38:57 AM GMT+4","English","","","","","","","","","","","","","","","","","","","","","","","","","","","","","","","","","","","","","","","Male","17 - 23","Mix of natural and social sciences","Small city","Consume the ingredients individually.","2","3","False","It is not okay","After marriage","Put it in a savings account","I would take the job in Armenia","False","True","False","True","Yes","Really intelligent partner","Values pleasure greatly and is open to ideas outside of social scripts."
"2021/04/01 11:03:21 AM GMT+4","English","","","","","","","","","","","","","","","","","","","","","","","","","","","","","","","","","","","","","","","Female","17 - 23","Mix of arts and sciences","Small city","Tasty dish","2-3","4","False","It is okay","Both","Go shopping, buy things for me and my close ones","I would take the job in Armenia","True","Once in a while","True","False","No","Really intelligent partner","Values pleasure greatly and is open to ideas outside of social scripts."
"2021/04/01 12:10:45 PM GMT+4","English","","","","","","","","","","","","","","","","","","","","","","","","","","","","","","","","","","","","","","","Female","17 - 23","Arts","Small city","Consume the ingredients individually.","I have traveled to 2 countries.","4.","False","It is not okay","After marriage","Put it in a savings account","I would take the job elsewhere","False","Once in a while","True","False","Yes","Really intelligent partner","Values tradition greatly and conforms to the social scripts."
"2021/04/01 12:24:43 PM GMT+4","English","","","","","","","","","","","","","","","","","","","","","","","","","","","","","","","","","","","","","","","Female","17 - 23","Mix of arts and sciences","Large city (500,000+)","Consume the ingredients individually.","3","The hole world","False","It is okay","Both","Put it in a savings account","I would take the job in Armenia","False","Once in a while","True","True","No","Really intelligent partner","Values pleasure greatly and is open to ideas outside of social scripts."
"2021/04/01 12:51:07 PM GMT+4","English","","","","","","","","","","","","","","","","","","","","","","","","","","","","","","","","","","","","","","","Female","17 - 23","Mix of natural and social sciences","Small city","Tasty dish","5+(in county)","10 or  more","False","It is okay","After marriage","Put it in a savings account","I would take the job elsewhere","True","Once in a while","True","True","No","Really intelligent partner","Values pleasure greatly and is open to ideas outside of social scripts."
"2021/04/01 12:55:02 PM GMT+4","English","","","","","","","","","","","","","","","","","","","","","","","","","","","","","","","","","","","","","","","Female","17 - 23","Mix of natural and social sciences","Large city (500,000+)","Consume the ingredients individually.","3","4-5","False","It is not okay","After marriage","Put it in a savings account","I would take the job in Armenia","False","True","True","True","No","Really intelligent partner","Values tradition greatly and conforms to the social scripts."
"2021/04/01 1:20:50 PM GMT+4","’Ä’°’µ’•÷Ä’•’∂","‘±÷Ä’°’Ø’°’∂","17 - 23","‘µ’æ ’£’´’ø’∏÷Ç’©’µ’∏÷Ç’∂’∂’•÷Ä ÷á ’°÷Ä’æ’•’Ω’ø","’Ñ’•’Æ ÷Ñ’°’≤’°÷Ñ (500,000+)","’Ä’°’¥’•’≤ ’∏÷Ç’ø’•’Ω’ø","2","10","’ç’≠’°’¨ ’ß","‘¥’° ’∂’∏÷Ä’¥’°’¨ ’ß","‘µ÷Ä’Ø’∏÷Ç’Ω’∂ ’ß’¨","‘ø’£’∂’°’µ’´ ’£’∂’∏÷Ç’¥’∂’•÷Ä’´, ’Ø’£’∂’•’´ ’´÷Ä’•÷Ä ’´’¥ ’∏÷Ç ’¥’ø’•÷Ä’´’¥’∂’•÷Ä’´’Ω ’∞’°’¥’°÷Ä","‘µ’Ω ’Ø’°’∑’≠’°’ø’•’´ ’°’µ’¨ ’•÷Ä’Ø÷Ä’∏÷Ç’¥","’É’´’∑’ø ’ß","’É’´’∑’ø ’ß","’ç’≠’°’¨ ’ß","’É’´’∑’ø ’ß","‘±’µ’∏","’à÷Ç’∂’•’∂’°’¨ ’£’•’≤’•÷Å’´’Ø ’¶’∏÷Ç’£’®’∂’Ø’•÷Ä","‘≥’∂’°’∞’°’ø’∏÷Ç’¥ ’ß ’∞’°’≥’∏÷Ç’µ÷Ñ’® ÷á ’¢’°÷Å ’ß ’∂’∏÷Ä ’£’°’≤’°÷É’°÷Ä’∂’•÷Ä’´ ’∞’°’¥’°÷Ä, ’∏÷Ä’∏’∂÷Ñ ’§’∏÷Ç÷Ä’Ω ’•’∂ ’∞’°’∂÷Ä’°’µ’´’∂ ’∫’°’∞’°’∂’ª’∂’•÷Ä’´÷Å:","","","","","","","","","","","","","","","","","","","","","","","","","","","","","","","","","","","","","",""
"2021/04/01 2:55:40 PM GMT+4","’Ä’°’µ’•÷Ä’•’∂","‘ª’£’°’Ø’°’∂","17 - 23","‘µ’æ ’£’´’ø’∏÷Ç’©’µ’∏÷Ç’∂’∂’•÷Ä ÷á ’°÷Ä’æ’•’Ω’ø","’ì’∏÷Ñ÷Ä ÷Ñ’°’≤’°÷Ñ","’Ä’°’¥’•’≤ ’∏÷Ç’ø’•’Ω’ø","3","4","’ç’≠’°’¨ ’ß","‘¥’° ’∂’∏÷Ä’¥’°’¨ ’π’ß","‘±’¥’∏÷Ç’Ω’∂’∏÷Ç’©’µ’∏÷Ç’∂’´÷Å ’∞’•’ø’∏","‘µ’Ω ’Ø’≠’∂’°’µ’´","‘µ’Ω ’Ø’°’∑’≠’°’ø’•’´ ’Ä’°’µ’°’Ω’ø’°’∂’∏÷Ç’¥","’ç’≠’°’¨ ’ß","’Ñ’•’Ø-’¥’•’Ø","’É’´’∑’ø ’ß","’ç’≠’°’¨ ’ß","’à’π","’à÷Ç’∂’•’∂’°’¨ ’≠’•’¨’°÷Å’´ ’¶’∏÷Ç’£’®’∂’Ø’•÷Ä","‘≥’∂’°’∞’°’ø’∏÷Ç’¥ ’ß ’∞’°’≥’∏÷Ç’µ÷Ñ’® ÷á ’¢’°÷Å ’ß ’∂’∏÷Ä ’£’°’≤’°÷É’°÷Ä’∂’•÷Ä’´ ’∞’°’¥’°÷Ä, ’∏÷Ä’∏’∂÷Ñ ’§’∏÷Ç÷Ä’Ω ’•’∂ ’∞’°’∂÷Ä’°’µ’´’∂ ’∫’°’∞’°’∂’ª’∂’•÷Ä’´÷Å:","","","","","","","","","","","","","","","","","","","","","","","","","","","","","","","","","","","","","",""
"2021/04/01 3:18:52 PM GMT+4","English","","","","","","","","","","","","","","","","","","","","","","","","","","","","","","","","","","","","","","","Female","17 - 23","Mix of natural and social sciences","Large city (500,000+)","Consume the ingredients individually.","3","7","True","It is okay","Both","Put it in a savings account","I would take the job in Armenia","True","Once in a while","True","True","Yes","Really intelligent partner","Values pleasure greatly and is open to ideas outside of social scripts."
"2021/04/01 4:07:45 PM GMT+4","English","","","","","","","","","","","","","","","","","","","","","","","","","","","","","","","","","","","","","","","Female","17 - 23","Mix of arts and sciences","Small city","Tasty dish","8","1","True","It is not okay","Both","Put it in a savings account","I would take the job elsewhere","False","True","True","True","Yes","Really intelligent partner","Values pleasure greatly and is open to ideas outside of social scripts."
"2021/04/01 4:24:09 PM GMT+4","English","","","","","","","","","","","","","","","","","","","","","","","","","","","","","","","","","","","","","","","Female","17 - 23","Mix of arts and sciences","Small city","Consume the ingredients individually.","2","3","False","It is okay","Neither","Go shopping, buy things for me and my close ones","I would take the job in Armenia","True","Once in a while","True","True","No","Really intelligent partner","Values pleasure greatly and is open to ideas outside of social scripts."
"2021/04/01 4:49:25 PM GMT+4","English","","","","","","","","","","","","","","","","","","","","","","","","","","","","","","","","","","","","","","","Female","17 - 23","Social sciences","Large city (500,000+)","Tasty dish","nowhere outside of Armenia","As many as I could, probabaly twice a year to different places","False","It is okay","After marriage","Put it in a savings account","I would take the job in Armenia","False","True","True","False","Yes","Really intelligent partner","Values pleasure greatly and is open to ideas outside of social scripts."
"2021/04/01 4:54:25 PM GMT+4","English","","","","","","","","","","","","","","","","","","","","","","","","","","","","","","","","","","","","","","","Female","17 - 23","Mix of arts and sciences","Large city (500,000+)","Tasty dish","2","4 or more","True","It is okay","Both","Put it in a savings account","I would take the job in Armenia","True","True","True","True","Yes","Really intelligent partner","Values pleasure greatly and is open to ideas outside of social scripts."
"2021/04/01 4:58:49 PM GMT+4","English","","","","","","","","","","","","","","","","","","","","","","","","","","","","","","","","","","","","","","","Female","17 - 23","Mix of natural and social sciences","Small city","Tasty dish","2","2","False","It is not okay","After marriage","Put it in a savings account","I would take the job in Armenia","False","Once in a while","True","True","No","Really intelligent partner","Values pleasure greatly and is open to ideas outside of social scripts."
"2021/04/01 4:59:22 PM GMT+4","English","","","","","","","","","","","","","","","","","","","","","","","","","","","","","","","","","","","","","","","Female","17 - 23","Natural sciences","Small city","Consume the ingredients individually.","outside of the country 0","4","False","It is okay","After marriage","Put it in a savings account","I would take the job elsewhere","False","Once in a while","True","True","Yes","Really intelligent partner","Values pleasure greatly and is open to ideas outside of social scripts."
"2021/04/01 5:07:00 PM GMT+4","English","","","","","","","","","","","","","","","","","","","","","","","","","","","","","","","","","","","","","","","Female","17 - 23","Mix of natural and social sciences","Small city","Consume the ingredients individually.","4","10","False","It is okay","Both","Go shopping, buy things for me and my close ones","I would take the job in Armenia","False","Very true","True","True","No","Really intelligent partner","Values pleasure greatly and is open to ideas outside of social scripts."
"2021/04/01 5:07:30 PM GMT+4","’Ä’°’µ’•÷Ä’•’∂","‘±÷Ä’°’Ø’°’∂","17 - 23","‘µ’æ ’∞’°’Ω’°÷Ä’°’Ø’°’Ø’°’∂, ÷á ’¢’∂’°’Ø’°’∂ ’£’´’ø’∏÷Ç’©’µ’∏÷Ç’∂’∂’•÷Ä","’Ñ’•’Æ ÷Ñ’°’≤’°÷Ñ (500,000+)","’Ä’°’¥’•’≤ ’∏÷Ç’ø’•’Ω’ø","2","2","’É’´’∑’ø ’ß","‘¥’° ’∂’∏÷Ä’¥’°’¨ ’ß","’Ñ’´’∂’π ’°’¥’∏÷Ç’Ω’∂’∏÷Ç’©’µ’∏÷Ç’∂’®","‘µ’Ω ’Ø’≠’∂’°’µ’´","‘µ’Ω ’Ø’°’∑’≠’°’ø’•’´ ’Ä’°’µ’°’Ω’ø’°’∂’∏÷Ç’¥","’ç’≠’°’¨ ’ß","’Ñ’•’Ø-’¥’•’Ø","’É’´’∑’ø ’ß","’É’´’∑’ø ’ß","‘±’µ’∏","’à÷Ç’∂’•’∂’°’¨ ’≠’•’¨’°÷Å’´ ’¶’∏÷Ç’£’®’∂’Ø’•÷Ä","‘≥’∂’°’∞’°’ø’∏÷Ç’¥ ’ß ’°’æ’°’∂’§’∏÷Ç’µ’©’∂’•÷Ä’® ÷á ’∞’°’¥’°’∫’°’ø’°’Ω’≠’°’∂’∏÷Ç’¥ ’ß ’∞’°’∂÷Ä’°’µ’´’∂ ’∫’°’∞’°’∂’ª’∂’•÷Ä’´’∂:","","","","","","","","","","","","","","","","","","","","","","","","","","","","","","","","","","","","","",""
"2021/04/01 5:09:44 PM GMT+4","’Ä’°’µ’•÷Ä’•’∂","‘ª’£’°’Ø’°’∂","17 - 23","‘µ’æ ’∞’°’Ω’°÷Ä’°’Ø’°’Ø’°’∂, ÷á ’¢’∂’°’Ø’°’∂ ’£’´’ø’∏÷Ç’©’µ’∏÷Ç’∂’∂’•÷Ä","’Ñ’•’Æ ÷Ñ’°’≤’°÷Ñ (500,000+)","’ç’∂’∂’§’°’¥’©’•÷Ä÷Ñ’∂’•÷Ä’® ’Ø’Ω’∫’°’º’•’¥ ’°’∂’∞’°’ø’°’∫’•’Ω","2","6","’ç’≠’°’¨ ’ß","‘¥’° ’∂’∏÷Ä’¥’°’¨ ’ß","‘±’¥’∏÷Ç’Ω’∂’∏÷Ç’©’µ’∏÷Ç’∂’´÷Å ’∞’•’ø’∏","‘µ’Ω ’Ø’≠’∂’°’µ’´","‘µ’Ω ’Ø’°’∑’≠’°’ø’•’´ ’°’µ’¨ ’•÷Ä’Ø÷Ä’∏÷Ç’¥","’ç’≠’°’¨ ’ß","’Ñ’•’Ø-’¥’•’Ø","’É’´’∑’ø ’ß","’ç’≠’°’¨ ’ß","’à’π","’à÷Ç’∂’•’∂’°’¨ ’≠’•’¨’°÷Å’´ ’¶’∏÷Ç’£’®’∂’Ø’•÷Ä","‘≥’∂’°’∞’°’ø’∏÷Ç’¥ ’ß ’°’æ’°’∂’§’∏÷Ç’µ’©’∂’•÷Ä’® ÷á ’∞’°’¥’°’∫’°’ø’°’Ω’≠’°’∂’∏÷Ç’¥ ’ß ’∞’°’∂÷Ä’°’µ’´’∂ ’∫’°’∞’°’∂’ª’∂’•÷Ä’´’∂:","","","","","","","","","","","","","","","","","","","","","","","","","","","","","","","","","","","","","",""
"2021/04/01 5:10:34 PM GMT+4","English","","","","","","","","","","","","","","","","","","","","","","","","","","","","","","","","","","","","","","","Female","17 - 23","Social sciences","Large city (500,000+)","Consume the ingredients individually.","3","It is not about money but the age restrictions.","False","It is not okay","After marriage","Go shopping, buy things for me and my close ones","I would take the job in Armenia","False","Very true","True","True","No","Really intelligent partner","Values tradition greatly and conforms to the social scripts."
"2021/04/01 5:27:28 PM GMT+4","English","","","","","","","","","","","","","","","","","","","","","","","","","","","","","","","","","","","","","","","Male","17 - 23","Natural sciences","Small city","Consume the ingredients individually.","2","3","False","It is okay","After marriage","Put it in a savings account","I would take the job in Armenia","True","Once in a while","True","True","No","Really intelligent partner","Values tradition greatly and conforms to the social scripts."
"2021/04/01 5:40:11 PM GMT+4","English","","","","","","","","","","","","","","","","","","","","","","","","","","","","","","","","","","","","","","","Female","17 - 23","Mix of natural and social sciences","Small city","Tasty dish","1","3","False","It is okay","After marriage","Go shopping, buy things for me and my close ones","I would take the job elsewhere","False","Very true","True","True","Yes","Really good looking partner","Values pleasure greatly and is open to ideas outside of social scripts."
"2021/04/01 9:14:28 PM GMT+4","English","","","","","","","","","","","","","","","","","","","","","","","","","","","","","","","","","","","","","","","Female","17 - 23","Social sciences","Large city (500,000+)","Tasty dish","0","1","False","It is okay","Both","Go shopping, buy things for me and my close ones","I would take the job elsewhere","True","False","True","False","No","Really intelligent partner","Values tradition greatly and conforms to the social scripts."
"2021/04/01 9:16:46 PM GMT+4","’Ä’°’µ’•÷Ä’•’∂","‘ª’£’°’Ø’°’∂","36 - 49","’Ä’°’Ω’°÷Ä’°’Ø’°’Ø’°’∂ ’£’´’ø’∏÷Ç’©’µ’∏÷Ç’∂’∂’•÷Ä","’Ñ’•’Æ ÷Ñ’°’≤’°÷Ñ (500,000+)","’Ä’°’¥’•’≤ ’∏÷Ç’ø’•’Ω’ø","1 -3","5","’É’´’∑’ø ’ß","‘¥’° ’∂’∏÷Ä’¥’°’¨ ’π’ß","‘±’¥’∏÷Ç’Ω’∂’∏÷Ç’©’µ’∏÷Ç’∂’´÷Å ’∞’•’ø’∏","‘µ’Ω ’Ø’≠’∂’°’µ’´","‘µ’Ω ’Ø’°’∑’≠’°’ø’•’´ ’Ä’°’µ’°’Ω’ø’°’∂’∏÷Ç’¥","’ç’≠’°’¨ ’ß","’Ñ’•’Ø-’¥’•’Ø","’É’´’∑’ø ’ß","’É’´’∑’ø ’ß","’à’π","’à÷Ç’∂’•’∂’°’¨ ’≠’•’¨’°÷Å’´ ’¶’∏÷Ç’£’®’∂’Ø’•÷Ä","‘≥’∂’°’∞’°’ø’∏÷Ç’¥ ’ß ’°’æ’°’∂’§’∏÷Ç’µ’©’∂’•÷Ä’® ÷á ’∞’°’¥’°’∫’°’ø’°’Ω’≠’°’∂’∏÷Ç’¥ ’ß ’∞’°’∂÷Ä’°’µ’´’∂ ’∫’°’∞’°’∂’ª’∂’•÷Ä’´’∂:","","","","","","","","","","","","","","","","","","","","","","","","","","","","","","","","","","","","","",""
"2021/04/01 9:37:01 PM GMT+4","’Ä’°’µ’•÷Ä’•’∂","‘ª’£’°’Ø’°’∂","36 - 49","‘±÷Ä’æ’•’Ω’ø","’Ñ’•’Æ ÷Ñ’°’≤’°÷Ñ (500,000+)","’Ä’°’¥’•’≤ ’∏÷Ç’ø’•’Ω’ø","’Ñ’•’Ø ’ø’•’≤","’Ñ’•’Ø ’ø’•’≤","’ç’≠’°’¨ ’ß","‘¥’° ’∂’∏÷Ä’¥’°’¨ ’π’ß","‘±’¥’∏÷Ç’Ω’∂’∏÷Ç’©’µ’∏÷Ç’∂’´÷Å ’∞’•’ø’∏","‘µ’Ω ’Ø’≠’∂’°’µ’´","‘µ’Ω ’Ø’°’∑’≠’°’ø’•’´ ’°’µ’¨ ’•÷Ä’Ø÷Ä’∏÷Ç’¥","’ç’≠’°’¨ ’ß","’Ñ’•’Ø-’¥’•’Ø","’É’´’∑’ø ’ß","’É’´’∑’ø ’ß","‘±’µ’∏","’à÷Ç’∂’•’∂’°’¨ ’≠’•’¨’°÷Å’´ ’¶’∏÷Ç’£’®’∂’Ø’•÷Ä","‘≥’∂’°’∞’°’ø’∏÷Ç’¥ ’ß ’∞’°’≥’∏÷Ç’µ÷Ñ’® ÷á ’¢’°÷Å ’ß ’∂’∏÷Ä ’£’°’≤’°÷É’°÷Ä’∂’•÷Ä’´ ’∞’°’¥’°÷Ä, ’∏÷Ä’∏’∂÷Ñ ’§’∏÷Ç÷Ä’Ω ’•’∂ ’∞’°’∂÷Ä’°’µ’´’∂ ’∫’°’∞’°’∂’ª’∂’•÷Ä’´÷Å:","","","","","","","","","","","","","","","","","","","","","","","","","","","","","","","","","","","","","",""
"2021/04/02 11:34:20 AM GMT+4","English","","","","","","","","","","","","","","","","","","","","","","","","","","","","","","","","","","","","","","","Male","17 - 23","Mix of natural and social sciences","Large city (500,000+)","Tasty dish","0","I did not have the opportunity to travel. I was serving in the Army within the last 2 years.p","True","It is okay","Both","Go shopping, buy things for me and my close ones","I would take the job elsewhere","True","True","True","True","No","Really good looking partner","Values pleasure greatly and is open to ideas outside of social scripts."
"2021/04/02 12:18:23 PM GMT+4","English","","","","","","","","","","","","","","","","","","","","","","","","","","","","","","","","","","","","","","","Female","17 - 23","Social sciences","Large city (500,000+)","Tasty dish","If you mean how many places you have traveled IDK, but I have traveled probably 8 places.","More, maybe 15","False","It is okay","After marriage","Put it in a savings account","I would take the job elsewhere","False","True","True","True","No","Really good looking partner","Values pleasure greatly and is open to ideas outside of social scripts."
"2021/04/02 12:36:02 PM GMT+4","English","","","","","","","","","","","","","","","","","","","","","","","","","","","","","","","","","","","","","","","Female","17 - 23","Mix of natural and social sciences","Large city (500,000+)","Tasty dish","Because of pandemic, I have traveled to various regions of Armenia only ; Lori, Vayots Dzor etc.","I would travel as much as my weekly and monthly holidays allow me to","False","It is not okay","After marriage","Put it in a savings account","I would take the job in Armenia","False","True","True","False","No","Really intelligent partner","Values tradition greatly and conforms to the social scripts."
"2021/04/02 1:10:31 PM GMT+4","English","","","","","","","","","","","","","","","","","","","","","","","","","","","","","","","","","","","","","","","Female","17 - 23","Mix of natural and social sciences","Large city (500,000+)","Tasty dish","3","4-5","False","It is not okay","After marriage","Put it in a savings account","I would take the job in Armenia","False","Once in a while","True","True","No","Really intelligent partner","Values tradition greatly and conforms to the social scripts."
"2021/04/02 1:52:32 PM GMT+4","English","","","","","","","","","","","","","","","","","","","","","","","","","","","","","","","","","","","","","","","Female","17 - 23","Arts","Large city (500,000+)","Consume the ingredients individually.","Considering the situation of last year's traveling was minimum, I can say it was, but mainly in Armenia, I visited different ancient places of Armenia 2,3 times per month.","Of course many, I love traveling ","False","It is okay","Both","Put it in a savings account","I would take the job elsewhere","True","Very true","True","True","Yes","Really intelligent partner","Values pleasure greatly and is open to ideas outside of social scripts."
"2021/04/02 2:19:38 PM GMT+4","–†—É—Å—Å–∫–∏–π","","","","","","","","","","","","","","","","","","","","–ú—É–∂—Å–∫–æ–π","17 - 23","–°–æ—Ü–∏–∞–ª—å–Ω—ã–µ –Ω–∞—É–∫–∏","–ë–æ–ª—å—à–æ–π –≥–æ—Ä–æ–¥ (500,000+)","–ü—Ä–∏–≥–æ—Ç–æ–≤–ª—é –≤–∫—É—Å–Ω–æ–µ –±–ª—é–¥–æ","4","–°–®–ê","–ü—Ä–∞–≤–¥–∞","–≠—Ç–æ –Ω–æ—Ä–º–∞–ª—å–Ω–æ","–û–±–∞ –≤–∞—Ä–∏–∞–Ω—Ç–∞","–û—Ç–ª–æ–∂–∏–ª(–∞) –∏—Ö –Ω–∞ —Å–±–µ—Ä–µ–≥–∞—Ç–µ–ª—å–Ω—ã–π —Å—á—ë—Ç","–Ø –±—ã —Å–æ–≥–ª–∞—Å–∏–ª—Å—è(–∞—Å—å) –Ω–∞ —Ä–∞–±–æ—Ç—É –≤ –¥—Ä—É–≥–æ–π —Å—Ç—Ä–∞–Ω–µ","–ü—Ä–∞–≤–¥–∞","–û—á–µ–Ω—å –≤–µ—Ä–Ω–æ","–ü—Ä–∞–≤–¥–∞","–ü—Ä–∞–≤–¥–∞","–ü—Ä–∞–≤–¥–∞","–û—á–µ–Ω—å —É–º—ë–Ω","–¶–µ–Ω–∏—Ç —É–¥–æ–≤–æ–ª—å—Å—Ç–≤–∏–µ –∏ –æ—Ç–∫—Ä—ã—Ç –¥–ª—è –∏–¥–µ–π, –≤–Ω–µ –æ–±—â–µ—Å—Ç–≤–µ–Ω–Ω—ã—Ö —Ç—Ä–µ–±–æ–≤–∞–Ω–∏–π","","","","","","","","","","","","","","","","","","",""
"2021/04/02 9:56:36 PM GMT+4","English","","","","","","","","","","","","","","","","","","","","","","","","","","","","","","","","","","","","","","","Female","17 - 23","Mix of natural and social sciences","Large city (500,000+)","Tasty dish","Maybe 5-10 in Armenia","10-15 abroad","False","It is okay","Both","Go shopping, buy things for me and my close ones","I would take the job elsewhere","True","True","True","True","Yes","Really intelligent partner","Values tradition greatly and conforms to the social scripts."
"2021/04/03 10:41:40 AM GMT+4","’Ä’°’µ’•÷Ä’•’∂","‘ª’£’°’Ø’°’∂","17 - 23","‘µ’æ ’£’´’ø’∏÷Ç’©’µ’∏÷Ç’∂’∂’•÷Ä ÷á ’°÷Ä’æ’•’Ω’ø","’Ñ’•’Æ ÷Ñ’°’≤’°÷Ñ (500,000+)","’Ä’°’¥’•’≤ ’∏÷Ç’ø’•’Ω’ø","1","5 ","’ç’≠’°’¨ ’ß","‘¥’° ’∂’∏÷Ä’¥’°’¨ ’ß","’à’π ’¥’•’Ø’®","‘µ’Ω ’Ø’≠’∂’°’µ’´","‘µ’Ω ’Ø’°’∑’≠’°’ø’•’´ ’Ä’°’µ’°’Ω’ø’°’∂’∏÷Ç’¥","’ç’≠’°’¨ ’ß","’Ñ’•’Ø-’¥’•’Ø","’É’´’∑’ø ’ß","’ç’≠’°’¨ ’ß","‘±’µ’∏","’à÷Ç’∂’•’∂’°’¨ ’≠’•’¨’°÷Å’´ ’¶’∏÷Ç’£’®’∂’Ø’•÷Ä","‘≥’∂’°’∞’°’ø’∏÷Ç’¥ ’ß ’∞’°’≥’∏÷Ç’µ÷Ñ’® ÷á ’¢’°÷Å ’ß ’∂’∏÷Ä ’£’°’≤’°÷É’°÷Ä’∂’•÷Ä’´ ’∞’°’¥’°÷Ä, ’∏÷Ä’∏’∂÷Ñ ’§’∏÷Ç÷Ä’Ω ’•’∂ ’∞’°’∂÷Ä’°’µ’´’∂ ’∫’°’∞’°’∂’ª’∂’•÷Ä’´÷Å:","","","","","","","","","","","","","","","","","","","","","","","","","","","","","","","","","","","","","",""